[
    {
      "name": "John Doe",
      "age": 30,
      "location": "New York",
      "description": "I am a software engineer looking for a life partner.",
      "avatarUrl": "https://example.com/avatar1.jpg",
      "images": [
        "https://example.com/image1.jpg",
        "https://example.com/image2.jpg",
        "https://example.com/image3.jpg"
      ]
    },
    {
      "name": "Jane Smith",
      "age": 28,
      "location": "Los Angeles",
      "description": "I am a doctor seeking a serious relationship.",
      "avatarUrl": "https://example.com/avatar2.jpg",
      "images": [
        "https://example.com/image4.jpg",
        "https://example.com/image5.jpg",
        "https://example.com/image6.jpg"
      ]
    },
    {
      "name": "Alice Johnson",
      "age": 32,
      "location": "Chicago",
      "description": "I am an artist looking for someone who appreciates creativity.",
      "avatarUrl": "https://example.com/avatar3.jpg",
      "images": [
        "https://example.com/image7.jpg",
        "https://example.com/image8.jpg",
        "https://example.com/image9.jpg"
      ]
    }
  ]
  